{
  "id" : "decision-tree-builder",
  "version" : "1.0.1",
  "meta" : {
    "label" : "Interactive Decision Tree Builder",
    "description" : "Build and explore decision trees, and use them to score and evaluate data",
    "author" : "Dataiku (Agathe Guillemot)",
    "supportLevel": "TIER2_SUPPORT",
    "icon" : "icon-sitemap",
    "licenseInfo" : "Apache Software License",
    "url" : "https://www.dataiku.com/product/plugins/interactive-decision-tree-builder/",
    "tags" : ["Machine Learning", "Visualization"]
  }
}
